0,2424,846,2424,,no_descendants
1,1923,1307,1923,,no_descendants
2,4929,4247,4929,,no_descendants
3,3812,2813,3530,,
4,2297,2297,2201,no_ancestors,
5,2188,1511,2188,,no_descendants
6,3735,3733,3735,,no_descendants
7,2179,2175,2179,,no_descendants
8,1806,1806,1806,,no_descendants
9,2787,2368,2787,,no_descendants
10,5689,3280,5689,,no_descendants
11,5275,2804,5181,,
12,10270,9824,8370,,
13,4180,3027,3160,,
14,10525,10034,10474,,
15,1947,1622,1947,,no_descendants
16,6551,5656,6019,,
17,2479,1443,2080,,
18,3727,2477,3727,,no_descendants
19,1883,1216,1882,,
20,1763,1763,1763,,no_descendants
21,5302,2995,5302,,no_descendants
22,2661,1337,2661,,no_descendants
23,2274,1184,2274,,no_descendants
24,2142,1759,2142,,no_descendants
25,3051,2295,2105,,
26,5175,3289,4277,,
27,1950,1927,1950,,no_descendants
28,2160,1380,2160,,no_descendants
29,2157,1875,2157,,no_descendants
30,1970,1970,1970,no_ancestors,no_descendants
31,2333,1406,2312,,
32,1894,819,1894,,no_descendants
33,3808,1779,3282,,
34,3799,1296,1345,,
35,1874,1874,1778,no_ancestors,
36,1917,1862,1917,,no_descendants
37,1847,1238,1847,,no_descendants
38,2940,1429,2940,,no_descendants
39,2048,1272,2048,,no_descendants
40,2184,1387,2184,,no_descendants
41,1860,1302,1860,,no_descendants
42,3961,3485,3961,,no_descendants
43,2660,1392,2660,,no_descendants
44,2144,2144,2144,no_ancestors,no_descendants
45,2041,1955,2037,,
46,2278,1708,2278,,no_descendants
47,1806,1806,1806,,no_descendants
48,1965,1906,1633,,
49,1887,794,1887,,no_descendants
50,1834,1829,1834,,no_descendants
51,1657,643,1657,,no_descendants
52,4035,3992,4035,,no_descendants
53,8527,7756,7525,,
54,1829,1829,1829,,no_descendants
55,1857,1488,1857,,no_descendants
56,1972,1722,1972,,no_descendants
57,2229,954,2229,,no_descendants
58,2995,2933,2170,,
59,3026,2778,2685,,
60,2591,1469,2591,,no_descendants
61,4973,2319,4033,,
62,2546,2546,2546,no_ancestors,no_descendants
63,1998,1221,1998,,no_descendants
64,1999,1669,1999,,no_descendants
65,2249,1508,2249,,no_descendants
66,2118,1415,2118,,no_descendants
67,5451,4365,2062,,
68,2156,1914,2156,,no_descendants
69,1822,571,1822,,no_descendants
70,1942,1879,1942,,no_descendants
71,11082,8545,9433,,
72,9507,8270,5005,,
73,2130,2106,2130,,no_descendants
74,2412,2071,1921,,
75,2497,1723,2497,,no_descendants
76,2893,1343,2893,,no_descendants
77,1841,1509,1841,,no_descendants
78,2689,2617,2689,,no_descendants
79,2326,2228,2326,,no_descendants
80,1780,1780,1780,no_ancestors,no_descendants
81,8615,4224,8615,,no_descendants
82,5301,4705,1439,,
83,1859,882,1859,,no_descendants
84,5426,4489,3378,,
85,3907,1546,3907,,no_descendants
86,2026,1929,2012,,
87,1799,1799,1799,,no_descendants
88,3471,3021,3471,,no_descendants
89,3675,3012,1688,,
90,2139,1607,2139,,no_descendants
91,2726,1467,2726,,no_descendants
92,2107,2106,2107,,no_descendants
93,1886,1467,1886,,no_descendants
94,2937,2367,2937,,no_descendants
95,1853,1379,1853,,no_descendants
96,2019,1926,2019,,no_descendants
97,7615,5261,6426,,
98,1958,1141,1958,,no_descendants
99,3507,3507,3161,no_ancestors,
100,2271,2205,2271,,no_descendants
101,1868,1439,1868,,no_descendants
102,17059,15779,11294,,
103,2183,2183,2183,,no_descendants
104,2454,329,2086,,
105,1881,1412,1881,,no_descendants
106,4596,3405,3867,,
107,2642,2635,2642,,no_descendants
108,2197,1043,2197,,no_descendants
109,3383,2106,2260,,
110,2217,2202,1993,,
111,2573,2265,2573,,no_descendants
112,1946,1650,1282,,
113,4911,4909,4618,,
114,4831,4566,1866,,
115,7681,5537,7681,,no_descendants
116,2536,741,1828,,
117,2977,1878,2977,,no_descendants
118,2255,2044,2255,,no_descendants
119,1922,1675,1201,,
120,2598,515,2598,,no_descendants
121,1843,1815,1843,,no_descendants
122,2210,1953,2210,,no_descendants
123,1997,1318,1997,,no_descendants
124,2343,1381,2343,,no_descendants
125,2484,1835,2241,,
126,3661,1057,3661,,no_descendants
127,1840,958,1840,,no_descendants
128,1808,909,1808,,no_descendants
129,4289,4195,4119,,
130,2111,2111,2111,,no_descendants
131,3191,1810,2641,,
132,2839,1908,2534,,
133,1912,1669,1879,,
134,3925,2334,3925,,no_descendants
135,1786,1786,1786,no_ancestors,no_descendants
136,5805,5586,3884,,
137,1892,1841,1892,,no_descendants
138,1970,1970,1970,no_ancestors,no_descendants
139,1933,1666,1933,,no_descendants
140,1885,1713,1635,,
141,2079,1984,2079,,no_descendants
142,16501,11771,14586,,
143,5916,3376,5553,,
144,3433,2401,2938,,
145,1832,1274,1832,,no_descendants
146,1914,598,1914,,no_descendants
147,2042,1598,2042,,no_descendants
148,2250,1830,1932,,
149,2178,1669,2178,,no_descendants
150,2589,908,2291,,
151,1815,1213,1815,,no_descendants
152,2904,1723,2904,,no_descendants
153,2122,2122,1618,no_ancestors,
154,3822,3522,1556,,
155,1881,1558,1798,,
156,1833,1832,1732,,
157,1812,1737,1812,,no_descendants
158,2106,1459,2104,,
159,2606,2606,2606,no_ancestors,no_descendants
160,2049,884,1256,,
161,2004,1981,2004,,no_descendants
162,1956,1478,1956,,no_descendants
163,1973,1597,1973,,no_descendants
164,1753,1753,1753,,no_descendants
165,2526,1080,2526,,no_descendants
166,1994,780,1994,,no_descendants
167,1801,1780,1801,,no_descendants
168,1865,1213,1232,,
169,1968,1929,1435,,
170,2832,2653,2832,,no_descendants
171,6828,5123,4315,,
172,2231,2231,1679,no_ancestors,
173,2020,2013,2020,,no_descendants
174,8545,4904,5883,,
175,4580,2171,3027,,
176,2014,2014,2014,,no_descendants
177,1864,734,1864,,no_descendants
178,1875,1398,1875,,no_descendants
179,3213,1147,3213,,no_descendants
180,1816,1814,1583,,
181,1874,552,1874,,no_descendants
182,2733,2179,2715,,
183,1977,1521,1977,,no_descendants
184,2487,1493,2327,,
185,2228,1747,2228,,no_descendants
186,3096,1796,2230,,
187,1795,773,1795,,no_descendants
188,2055,907,2055,,no_descendants
189,3838,3362,3838,,no_descendants
190,3240,2283,2743,,
191,1926,1572,1926,,no_descendants
192,2076,1208,2076,,no_descendants
193,1824,1644,1824,,no_descendants
194,2780,1318,2780,,no_descendants
195,1798,661,1798,,no_descendants
196,3181,2090,3181,,no_descendants
197,2662,2527,1743,,
198,1810,371,1810,,no_descendants
199,1937,1006,1422,,
200,3628,1434,3437,,
201,2096,1857,2096,,no_descendants
202,2827,2825,2377,,
203,3825,2397,3046,,
204,2049,2029,2049,,no_descendants
205,3974,3145,3511,,
206,3192,1357,1662,,
207,1869,1206,1869,,no_descendants
208,5539,1955,2888,,
209,1819,1616,1511,,
210,1898,1885,1898,,no_descendants
211,1931,1028,1931,,no_descendants
212,2024,1296,1960,,
213,7301,3286,6422,,
214,2032,1150,2032,,no_descendants
215,2528,2528,2008,no_ancestors,
216,1880,1880,1608,no_ancestors,
217,2517,1849,2517,,no_descendants
218,1832,1561,1577,,
219,1838,1631,1838,,no_descendants
220,2041,1680,2041,,no_descendants
221,2003,2003,2003,,no_descendants
222,2540,1362,2540,,no_descendants
223,2189,1610,1493,,
224,1903,1414,1903,,no_descendants
225,4673,1623,4673,,no_descendants
226,2345,1690,2327,,
227,3395,3395,3086,no_ancestors,
228,3305,1403,2658,,
229,6514,4130,5295,,
230,1927,733,1927,,no_descendants
231,1809,1809,1809,,no_descendants
232,3428,2648,3268,,
233,1827,1470,1827,,no_descendants
234,5566,3980,4467,,
235,2516,2516,2516,no_ancestors,no_descendants
236,2133,1495,2133,,no_descendants
237,2160,1510,2160,,no_descendants
238,1926,1510,1260,,
239,1880,1654,1880,,no_descendants
240,8625,8625,2151,no_ancestors,
241,5873,5680,4660,,
242,12576,11789,7428,,
243,2241,1816,2241,,no_descendants
244,2449,1075,2449,,no_descendants
245,2955,483,2955,,no_descendants
246,3166,1734,3166,,no_descendants
247,2432,1573,2432,,no_descendants
248,2936,2473,1517,,
249,16175,15649,11348,,
250,3047,2775,3047,,no_descendants
251,2021,1711,1697,,
252,2939,2310,2939,,no_descendants
253,1821,1517,1821,,no_descendants
254,1851,835,1851,,no_descendants
255,13538,13509,9359,,
256,3996,3816,2994,,
257,1818,1719,1818,,no_descendants
258,2081,1639,1768,,
259,2108,1614,1254,,
260,3964,3708,2899,,
261,1843,1800,1843,,no_descendants
262,2012,933,2012,,no_descendants
263,2418,2418,2418,no_ancestors,no_descendants
264,2289,2289,2249,no_ancestors,
265,2076,1066,2076,,no_descendants
266,2425,999,1851,,
267,5834,5634,2503,,
268,8265,3482,8265,,no_descendants
269,2738,1251,2738,,no_descendants
270,2731,2463,1471,,
271,2027,1648,1644,,
272,2379,2040,1795,,
273,9646,4890,9646,,no_descendants
274,2048,575,2048,,no_descendants
275,6661,4260,4225,,
276,2874,2577,2327,,
277,1787,1783,1787,,no_descendants
278,1988,971,1988,,no_descendants
279,1964,980,1744,,
280,2618,2423,2618,,no_descendants
281,1957,1334,1957,,no_descendants
282,2015,1659,2015,,no_descendants
283,3552,1648,3486,,
284,1982,1316,1982,,no_descendants
285,2350,1239,2350,,no_descendants
286,3601,2429,3055,,
287,1969,845,1969,,no_descendants
288,2452,2021,1099,,
289,1921,1921,1921,no_ancestors,no_descendants
290,3183,2612,2501,,
291,1835,448,1835,,no_descendants
292,2473,1773,2473,,no_descendants
293,4477,2129,4477,,no_descendants
294,1773,1773,1773,no_ancestors,no_descendants
295,1895,1482,1895,,no_descendants
296,1795,1550,1795,,no_descendants
297,3063,2943,3063,,no_descendants
298,2404,1370,2023,,
299,2098,1523,2098,,no_descendants
300,17657,15752,9606,,
301,10617,6878,8771,,
302,2319,1619,2319,,no_descendants
303,1779,1355,1779,,no_descendants
304,3134,1202,3134,,no_descendants
305,2120,2120,2120,,no_descendants
306,1917,1719,1917,,no_descendants
307,2295,2072,1957,,
308,2358,1925,2358,,no_descendants
309,2386,1137,1974,,
310,1955,1813,1955,,no_descendants
311,2608,649,2258,,
312,2173,1670,2173,,no_descendants
313,26438,26057,9402,,
314,3892,2598,3892,,no_descendants
315,23948,17113,10672,,
316,9037,8352,4256,,
317,4850,4352,4395,,
318,2368,1427,2368,,no_descendants
319,3294,2169,2724,,
320,2006,2006,2006,,no_descendants
321,1974,904,1974,,no_descendants
322,1954,1954,1954,no_ancestors,no_descendants
323,2216,1986,2216,,
324,4382,4062,2759,,
325,2175,1504,2175,,no_descendants
326,2196,2102,2196,,no_descendants
327,1800,1763,1800,,no_descendants
328,2811,2502,2320,,
329,2093,1279,2093,,no_descendants
330,2472,1197,2025,,
331,5425,5179,4838,,
332,2451,2065,2445,,
333,3155,1034,3155,,no_descendants
334,2150,2150,1682,,
335,1862,1855,1756,,
336,2514,1414,2218,,
337,8370,5905,5512,,
338,2513,2471,2513,,no_descendants
339,2678,2225,1793,,
340,6071,5118,5741,,
341,1880,990,1880,,no_descendants
342,3116,3116,3070,no_ancestors,
343,4691,2363,4691,,no_descendants
344,2986,2986,2714,no_ancestors,
345,2285,1294,2285,,no_descendants
346,3684,1846,3684,,no_descendants
347,2153,1747,2153,,no_descendants
348,3217,2188,3217,,no_descendants
349,2393,1143,2283,,
350,2987,2987,2238,no_ancestors,
351,2003,1346,2003,,no_descendants
352,2121,1271,2121,,no_descendants
353,3235,3086,3235,,no_descendants
354,2703,1755,2703,,no_descendants
355,3376,3148,2239,,
356,1830,718,1830,,no_descendants
357,2077,1745,2077,,no_descendants
358,2092,1993,1955,,
359,1861,1845,1861,,no_descendants
360,2121,1656,2091,,
361,1937,482,1937,,no_descendants
362,2313,849,2313,,no_descendants
363,1800,719,1387,,
364,2012,1645,2012,,no_descendants
365,2113,1914,2113,,no_descendants
366,3206,2462,3206,,no_descendants
367,3562,1008,3562,,no_descendants
368,3872,3872,3872,,no_descendants
369,4356,3077,1869,,
370,2005,1006,1663,,
371,1789,999,1789,,no_descendants
372,3377,2746,3377,,no_descendants
373,3014,2862,2275,,
374,2101,1071,2101,,no_descendants
375,3850,1622,3646,,
376,2387,1088,2387,,no_descendants
377,1944,723,1688,,
378,3809,3809,2666,no_ancestors,
379,2237,1006,2237,,no_descendants
380,1789,1367,1789,,no_descendants
381,2433,1795,2433,,no_descendants
382,1828,1381,1828,,no_descendants
383,1781,1428,1781,,no_descendants
384,1813,1629,1813,,no_descendants
385,3918,3831,3285,,
386,2777,1982,2773,,
387,1797,1751,1797,,no_descendants
388,2746,1874,2238,,
389,9906,5102,3336,,
390,1986,1862,1980,,
391,2165,1774,1318,,
392,2247,586,2247,,no_descendants
393,5045,3051,4205,,
394,1929,1570,1929,,no_descendants
395,2339,1675,2339,,no_descendants
396,3689,2694,3583,,
397,2053,1177,2053,,no_descendants
398,5427,1685,5427,,no_descendants
399,2482,2301,2482,,no_descendants
400,1830,1343,1673,,
401,1839,1752,1839,,no_descendants
402,1967,1945,1967,,no_descendants
403,2536,1819,2536,,no_descendants
404,2304,1261,2304,,no_descendants
405,1825,1453,1825,,no_descendants
406,3555,3367,2264,,
407,1909,865,1909,,no_descendants
408,1900,1789,1900,,no_descendants
409,1861,756,1861,,no_descendants
410,7621,5049,7219,,
411,1824,1235,1824,,no_descendants
412,2549,2438,2504,,
413,4615,3161,2706,,
414,4840,4823,2057,,
415,1981,1828,1981,,no_descendants
416,1962,1620,1401,,
417,2001,2001,2001,no_ancestors,no_descendants
418,1812,1609,1812,,no_descendants
419,1788,1741,1788,,no_descendants
420,1782,1782,1782,,no_descendants
421,1977,1242,1977,,no_descendants
422,1884,1758,1884,,no_descendants
423,5436,3082,5436,,no_descendants
424,1820,1379,1820,,no_descendants
425,2096,2008,2096,,no_descendants
426,3280,2614,918,,
427,2123,2123,2123,,no_descendants
428,2010,415,2010,,no_descendants
429,2404,1320,2155,,
430,2560,1262,2483,,
431,2142,2141,2142,,no_descendants
432,3070,2821,3070,,no_descendants
433,3410,1816,2962,,
434,1802,788,1802,,no_descendants
435,2582,1614,2582,,no_descendants
436,1887,653,1887,,no_descendants
437,2639,1700,2427,,
438,1926,1401,1926,,no_descendants
439,1823,1300,1823,,no_descendants
440,1957,1957,1957,no_ancestors,no_descendants
441,2270,1227,2270,,no_descendants
442,4854,4041,4329,,
443,1910,1579,1910,,no_descendants
444,1879,372,1879,,no_descendants
445,2437,2146,1626,,
446,2163,1052,2163,,no_descendants
447,4705,2820,4705,,no_descendants
448,1976,1849,1976,,no_descendants
449,2166,2166,2147,,
450,2094,1056,2094,,no_descendants
451,2906,1747,1940,,
452,1887,1695,1887,,no_descendants
453,2010,1867,2010,,no_descendants
454,3014,2950,2726,,
455,2674,2660,2338,,
456,1918,1917,1918,,no_descendants
457,2560,2121,2560,,no_descendants
458,45482,44560,30183,,
459,1894,1894,1700,no_ancestors,
460,2334,1614,2334,,no_descendants
461,2537,539,2537,,no_descendants
462,4461,3141,3920,,
463,1925,810,1925,,no_descendants
464,2127,1044,2127,,no_descendants
465,2005,2005,2005,,no_descendants
466,3493,1837,3493,,no_descendants
467,1882,942,1882,,no_descendants
468,2466,2284,2266,,
469,2010,902,2010,,no_descendants
470,1783,1223,1783,,no_descendants
471,2293,1459,2293,,no_descendants
472,1824,1824,1824,,no_descendants
473,2080,2080,2080,no_ancestors,no_descendants
474,1772,1772,1772,,no_descendants
475,2819,1820,2819,,no_descendants
476,11630,11630,4553,no_ancestors,
477,6723,6616,5388,,
478,8409,6698,8155,,
479,5345,5241,4608,,
480,1885,953,1885,,no_descendants
481,2124,1718,2124,,no_descendants
482,1842,1732,1842,,no_descendants
483,1977,1753,1977,,no_descendants
484,2321,1156,2321,,no_descendants
485,2503,2325,2394,,
486,30114,30114,15197,no_ancestors,
487,3164,1641,2664,,
488,3732,3531,3732,,no_descendants
489,2251,985,2251,,no_descendants
490,2220,2169,2220,,no_descendants
491,1748,1748,1748,,no_descendants
492,25405,22786,7700,,
493,1765,1637,1765,,no_descendants
494,6806,6241,3818,,
495,2089,1494,2089,,no_descendants
496,2216,1409,1993,,
497,3113,1300,3113,,no_descendants
498,2136,1685,2136,,no_descendants
499,2861,1942,2861,,no_descendants
500,2266,1841,2266,,no_descendants
501,5053,3767,4245,,
502,1853,1594,1853,,no_descendants
503,4020,3082,3144,,
504,1969,1221,1969,,no_descendants
505,2501,1242,2501,,no_descendants
506,3050,3050,3050,,no_descendants
507,4465,4164,3019,,
508,1941,1188,1941,,no_descendants
509,1964,849,1951,,
510,2882,2612,1937,,
511,2200,2151,2179,,
512,4063,4036,3858,,
513,1965,543,1965,,no_descendants
514,2570,2549,1738,,
515,1887,1831,1887,,no_descendants
516,2363,2362,2203,,
517,4212,3383,4212,,no_descendants
518,2551,2222,2312,,
519,2216,1849,1572,,
520,3272,2661,3272,,no_descendants
521,2916,885,2753,,
522,2053,1482,1815,,
523,2333,1220,2333,,no_descendants
524,1981,1945,1981,,no_descendants
525,2600,1821,2600,,no_descendants
526,8074,7552,5982,,
527,2462,2462,2185,no_ancestors,
528,2070,944,1554,,
529,5004,4823,4895,,
530,1924,878,1924,,no_descendants
531,2035,1470,2035,,no_descendants
532,3784,2706,2782,,
533,2006,874,2006,,no_descendants
534,3383,947,3383,,no_descendants
535,2711,1110,2711,,no_descendants
536,2801,2385,2749,,
537,2655,2655,2633,no_ancestors,
538,6740,5712,6598,,
539,4604,4497,4105,,
540,2781,2704,1702,,
541,1859,1322,1859,,no_descendants
542,4171,2391,3012,,
543,1984,1984,1984,,no_descendants
544,2753,2748,1182,,
545,1795,1795,1795,,no_descendants
546,2517,1989,1946,,
547,2518,1819,2288,,
548,1849,1402,1849,,no_descendants
549,1991,1811,1023,,
550,2470,758,2470,,no_descendants
551,1932,454,1932,,no_descendants
552,3221,2768,3221,,no_descendants
553,1909,1503,1909,,no_descendants
554,4337,2468,4337,,no_descendants
555,1821,1467,1821,,no_descendants
556,2541,2302,2541,,no_descendants
557,2116,2043,2116,,no_descendants
558,1781,1360,1781,,no_descendants
559,3040,2717,3040,,no_descendants
560,31225,27686,20740,,
561,1907,813,1907,,no_descendants
562,2348,1369,2348,,no_descendants
563,1875,1260,1875,,no_descendants
564,4549,4123,2300,,
565,5478,4972,3253,,
566,6534,4735,2311,,
567,3836,1604,3823,,
568,2072,1726,2072,,no_descendants
569,2075,1808,1777,,
570,2249,2249,2240,no_ancestors,
571,1837,1837,1837,no_ancestors,no_descendants
572,9742,7834,5362,,
573,2134,1167,2134,,no_descendants
574,7645,5210,7114,,
575,1952,1861,1952,,no_descendants
576,2768,1336,2748,,
577,5908,5120,5653,,
578,2042,1766,2042,,no_descendants
579,1890,1324,1890,,no_descendants
580,2036,1286,1964,,
581,2477,2351,2349,,
582,3094,2059,2518,,
583,2957,1797,2389,,
584,2912,1575,2912,,no_descendants
585,3128,565,3128,,no_descendants
586,1900,1178,1900,,no_descendants
587,1809,1584,1809,,no_descendants
588,3581,1601,3187,,
589,1817,1297,1817,,no_descendants
590,1985,1985,1758,no_ancestors,
591,2278,1977,2278,,no_descendants
592,2626,1372,2626,,no_descendants
593,1916,1485,1916,,no_descendants
594,2242,2043,2031,,
595,3712,3044,1983,,
596,2292,754,1889,,
597,3333,3177,2667,,
598,5014,5014,3786,no_ancestors,
599,4698,4403,2554,,
600,1794,1697,1351,,
601,1899,1720,1899,,no_descendants
602,25230,25220,17792,,
603,2689,2681,2689,,no_descendants
604,1829,1542,1811,,
605,1978,1902,1978,,no_descendants
606,1959,1627,1959,,no_descendants
607,1944,626,1944,,no_descendants
608,2497,2497,2497,no_ancestors,no_descendants
609,35356,32600,17621,,
610,5599,3528,5065,,
611,2286,1751,2038,,
612,2300,2283,2300,,no_descendants
613,4158,3817,4158,,no_descendants
614,1972,1104,1175,,
615,3578,1824,3578,,no_descendants
616,2797,998,2797,,no_descendants
617,2499,1248,2499,,no_descendants
618,1785,1785,1785,no_ancestors,no_descendants
619,2424,1723,2424,,no_descendants
620,3295,1159,3295,,no_descendants
621,2078,1191,2078,,no_descendants
622,1820,1508,1517,,
623,1829,541,1821,,
624,2465,2417,2187,,
625,2118,939,2118,,no_descendants
626,2698,1328,2698,,no_descendants
627,3873,1691,3785,,
628,2281,1373,2281,,no_descendants
629,13726,13635,9507,,
630,3156,2118,2746,,
631,2923,1223,2176,,
632,2098,1546,2098,,no_descendants
633,3314,2802,2807,,
634,2072,575,2072,,no_descendants
635,3285,3285,3285,no_ancestors,no_descendants
636,1864,891,1864,,no_descendants
637,2141,1579,1326,,
638,2882,2623,2820,,
639,2471,2471,1878,no_ancestors,
640,15129,14221,6089,,
641,1800,1574,1800,,no_descendants
642,1866,1049,1866,,no_descendants
643,2153,1150,1532,,
644,1888,1150,1888,,no_descendants
645,1925,1925,1925,no_ancestors,no_descendants
646,3464,1984,3464,,no_descendants
647,2624,2016,1866,,
648,10450,6602,9542,,
649,6500,4944,5449,,
650,2040,1915,2040,,no_descendants
651,2253,1148,2253,,no_descendants
652,3269,2520,3269,,no_descendants
653,4061,3998,1246,,
654,12003,9180,12003,,no_descendants
655,7578,7290,6876,,
656,1976,1343,1976,,no_descendants
657,3261,2266,1938,,
658,3166,2962,3166,,no_descendants
659,3169,3035,2444,,
660,1944,1221,1831,,
661,2298,2298,2298,no_ancestors,no_descendants
662,1834,1795,1834,,no_descendants
663,2067,1858,1802,,
664,2632,2632,2038,no_ancestors,
665,2290,1233,2290,,no_descendants
666,2625,2158,2625,,no_descendants
667,9889,6488,8936,,
668,2684,2641,2684,,no_descendants
669,2072,2072,2072,no_ancestors,no_descendants
670,3476,2528,2902,,
671,5034,4384,3377,,
672,2688,757,2688,,no_descendants
673,8368,7094,3468,,
674,2920,2920,2324,no_ancestors,
675,2782,1655,2027,,
676,2845,2107,2045,,
677,2203,1853,2142,,
678,2099,2099,1953,,
679,5299,3706,2238,,
680,2265,908,2265,,no_descendants
681,2368,2304,2368,,no_descendants
682,1993,1898,1993,,no_descendants
683,2485,2235,1919,,
684,2701,1575,2701,,no_descendants
685,2877,2221,2877,,no_descendants
686,1938,1863,1635,,
687,1899,1475,1899,,no_descendants
688,2639,2247,2218,,
689,1894,1603,1894,,no_descendants
690,1792,1034,1792,,no_descendants
691,1925,1365,1630,,
692,3975,1465,3975,,no_descendants
693,1840,503,1840,,no_descendants
694,6289,6230,6289,,no_descendants
695,2036,2036,2036,no_ancestors,no_descendants
696,2177,1893,2177,,no_descendants
697,1765,1667,1765,,no_descendants
698,3910,3523,2305,,
699,2864,2465,2864,,no_descendants
700,3013,3013,2907,no_ancestors,
701,2108,1273,2108,,no_descendants
702,1972,1908,1972,,no_descendants
703,2313,770,2313,,no_descendants
704,10809,9800,3581,,
705,30144,29509,12606,,
706,3272,2777,2063,,
707,2025,1938,1702,,
708,1879,1020,1879,,no_descendants
709,1989,1989,1710,no_ancestors,
710,1859,1451,1859,,no_descendants
711,5652,4723,5000,,
712,1895,831,1895,,no_descendants
713,2788,1355,2788,,no_descendants
714,2354,1921,1499,,
715,1812,1588,1812,,no_descendants
716,1851,1191,1851,,no_descendants
717,2107,1334,2107,,no_descendants
718,1985,1466,1985,,no_descendants
719,1837,1836,1837,,no_descendants
720,1768,972,1768,,no_descendants
721,1940,1604,1577,,
722,7932,7930,5069,,
723,1836,1829,1836,,no_descendants
724,1928,1865,1655,,
725,2362,1856,2362,,no_descendants
726,2500,2055,1501,,
727,3421,2929,3098,,
728,2678,1926,2634,,
729,2130,1771,2130,,no_descendants
730,2065,1643,1801,,
731,1948,1799,1472,,
732,6335,5621,3130,,
733,1871,1202,1733,,
734,2024,2024,2024,no_ancestors,no_descendants
735,1944,1628,1944,,no_descendants
736,1995,1458,1995,,no_descendants
737,2270,1827,2270,,no_descendants
738,2678,1578,2678,,no_descendants
739,3820,3099,3820,,no_descendants
740,3371,3288,2164,,
741,38272,35295,21280,,
742,3777,3048,3283,,
743,2054,1574,2032,,
744,3679,3239,3679,,no_descendants
745,2225,1612,2225,,no_descendants
746,2077,2067,1898,,
747,1841,1841,1841,,no_descendants
748,1975,1974,1975,,no_descendants
749,2961,2331,2958,,
750,1764,1708,1764,,no_descendants
751,2136,2071,2136,,no_descendants
752,4254,3347,4254,,no_descendants
753,31876,29331,24769,,
754,2458,2179,2458,,no_descendants
755,2567,1397,2567,,no_descendants
756,12279,11421,6836,,
757,1838,740,1838,,no_descendants
758,2866,2092,2318,,
759,2182,2122,2182,,no_descendants
760,1823,1748,1823,,no_descendants
761,2097,1185,1768,,
762,1836,1332,1801,,
763,1925,1377,1925,,no_descendants
764,2666,1281,2666,,no_descendants
765,1849,1849,1273,no_ancestors,
766,3306,3306,3306,no_ancestors,no_descendants
767,2019,1970,2019,,no_descendants
768,1856,1570,1856,,no_descendants
769,1782,1645,1782,,no_descendants
770,4653,1673,4653,,no_descendants
771,3301,2550,3301,,no_descendants
772,1791,1458,1791,,no_descendants
773,10574,9194,3367,,
774,3279,2200,3279,,no_descendants
775,1888,1403,1153,,
776,2959,1301,2959,,no_descendants
777,3346,2634,3346,,no_descendants
778,4681,3263,4681,,no_descendants
779,1790,1738,1600,,
780,1798,1546,1798,,no_descendants
781,1895,1895,1114,no_ancestors,
782,3014,1604,3014,,no_descendants
783,10639,7077,6941,,
784,2112,1636,2112,,no_descendants
785,1994,1163,1994,,no_descendants
786,1940,1940,1940,,no_descendants
787,2370,972,2370,,no_descendants
788,11926,11450,4583,,
789,2953,2314,2953,,no_descendants
790,6325,3101,6325,,no_descendants
791,7387,7162,2415,,
792,1769,1769,1769,no_ancestors,no_descendants
793,2644,1940,2644,,no_descendants
794,2687,2365,2687,,no_descendants
795,2835,2428,2835,,no_descendants
796,1769,937,1769,,no_descendants
797,1819,1117,1819,,no_descendants
798,2965,2508,2407,,
799,1967,973,1944,,
800,2246,1932,2246,,no_descendants
801,2216,1560,2216,,no_descendants
802,1865,1848,1865,,no_descendants
803,1965,1148,1965,,no_descendants
804,2947,2472,2190,,
805,2458,1835,2458,,no_descendants
806,2443,1024,2443,,no_descendants
807,2063,2063,1832,,
808,5356,4873,2408,,
809,2046,1042,2046,,no_descendants
810,1864,1384,1528,,
811,2609,2505,2460,,
812,4129,2962,3431,,
813,2457,2163,2457,,no_descendants
814,2238,1780,1947,,
815,1855,1444,1855,,no_descendants
816,1905,1041,1905,,no_descendants
817,3246,3103,2911,,
818,3459,2878,2004,,
819,1903,1503,1641,,
820,4097,3288,4097,,no_descendants
821,4770,3196,3386,,
822,2716,2716,2320,no_ancestors,
823,1974,625,1974,,no_descendants
824,2056,1237,2056,,no_descendants
825,2086,1704,2086,,no_descendants
826,2297,2297,2139,no_ancestors,
827,1936,1921,1936,,no_descendants
828,4805,2328,3480,,
829,2206,1041,1522,,
830,1827,1827,1827,no_ancestors,no_descendants
831,2138,1950,2138,,no_descendants
832,3200,2445,3200,,no_descendants
833,1798,801,1798,,no_descendants
834,16856,15908,15043,,
835,2246,1770,2246,,no_descendants
836,1808,1650,1808,,no_descendants
837,2244,1206,2244,,no_descendants
838,3000,3000,3000,,no_descendants
839,2685,1375,2685,,no_descendants
840,5365,4786,3838,,
841,1868,815,1868,,no_descendants
842,2010,1044,2010,,no_descendants
843,1900,1339,1434,,
844,2151,2075,1411,,
845,3920,3884,3920,,no_descendants
846,2770,2281,1741,,
847,2169,2169,2148,no_ancestors,
848,2712,1031,2712,,no_descendants
849,1945,1867,1597,,
850,2008,1270,2008,,no_descendants
851,5423,4982,4605,,
852,1883,1609,1815,,
853,2856,2611,1879,,
854,1849,850,1849,,no_descendants
855,1837,1429,1837,,no_descendants
856,2811,2707,2811,,no_descendants
857,2034,1514,2029,,
858,1807,1666,1807,,no_descendants
859,2014,1593,2014,,no_descendants
860,1914,1815,1914,,no_descendants
861,2177,1350,2177,,no_descendants
862,1881,1855,1644,,
863,2603,1408,2603,,no_descendants
864,2206,1743,2206,,no_descendants
865,1924,975,1749,,
866,4165,3942,2844,,
867,3498,1347,3498,,no_descendants
868,2174,2168,1890,,
869,2734,1605,2543,,
870,1840,1212,1595,,
871,1946,1871,1822,,
872,3113,713,3113,,no_descendants
873,1892,1648,1892,,no_descendants
874,7677,6906,3197,,
875,26490,26444,8851,,
876,1986,1474,1986,,no_descendants
877,8004,7959,8004,,no_descendants
878,1895,1353,1832,,
879,42237,40140,16398,,
880,4065,2518,4065,,no_descendants
881,1863,1676,1863,,no_descendants
882,3568,3568,3290,no_ancestors,
883,1927,1100,1927,,no_descendants
884,2488,1816,2488,,no_descendants
885,2135,992,2135,,no_descendants
886,18476,6411,18476,,no_descendants
887,1802,1765,1802,,no_descendants
888,2396,2377,2056,,
889,1986,1875,1986,,no_descendants
890,2039,1214,2039,,no_descendants
891,2085,1326,2085,,no_descendants
892,2073,2073,1874,no_ancestors,
893,2274,1691,2274,,no_descendants
894,7178,5072,7178,,no_descendants
895,1796,1215,1796,,no_descendants
896,3560,1481,3208,,
897,6493,2597,6493,,no_descendants
898,1862,880,1375,,
899,2837,1825,2439,,
900,2033,1899,2033,,no_descendants
901,2592,2358,2592,,no_descendants
902,3962,3749,3035,,
903,1936,1347,1936,,no_descendants
904,1983,1865,1765,,
905,4011,1764,3725,,
906,14195,14189,14195,,no_descendants
907,2251,2177,2251,,no_descendants
908,1921,1586,1921,,no_descendants
909,1882,1703,1882,,no_descendants
910,2175,2056,2175,,no_descendants
911,2079,2035,2079,,no_descendants
912,1989,1369,1989,,no_descendants
913,2051,1102,2051,,no_descendants
914,2437,1958,2437,,no_descendants
915,39552,25393,18009,,
916,19405,15003,17299,,
917,3889,1457,3889,,no_descendants
918,1977,1413,1977,,no_descendants
919,2212,1667,2212,,no_descendants
920,6816,6816,5324,no_ancestors,
921,4519,3235,3685,,
922,2214,1957,2065,,
923,2041,1135,2041,,no_descendants
924,3703,2444,3547,,
925,2017,2016,1624,,
926,3147,2691,3147,,no_descendants
927,2454,2100,2238,,
928,6346,5600,6346,,no_descendants
929,7079,5953,4170,,
930,1847,1678,1847,,no_descendants
931,1952,1951,1792,,
932,2150,1713,2150,,no_descendants
933,1850,1840,999,,
934,2948,2363,2948,,no_descendants
935,2030,2030,2030,no_ancestors,no_descendants
936,2096,1795,2096,,no_descendants
937,1781,1258,1781,,no_descendants
938,3228,875,2334,,
939,2129,1351,1980,,
940,2892,2616,2892,,no_descendants
941,2277,2136,2277,,no_descendants
942,2789,2789,2789,no_ancestors,no_descendants
943,4245,3827,3534,,
944,2410,1910,2410,,no_descendants
945,3062,3062,2983,no_ancestors,
946,1851,1851,1674,no_ancestors,
947,8469,8223,6669,,
948,1816,1148,1816,,no_descendants
949,2160,1999,1747,,
950,2725,2213,2725,,no_descendants
951,2078,1764,2078,,no_descendants
952,2009,1311,2009,,no_descendants
953,1857,934,1857,,no_descendants
954,2801,1473,2405,,
955,3038,846,3038,,no_descendants
956,2386,2386,824,no_ancestors,
957,4939,2064,4222,,
958,2327,1924,2327,,no_descendants
959,4865,2876,3973,,
960,1816,1801,1816,,no_descendants
961,5636,5632,5636,,no_descendants
962,2742,2090,2742,,no_descendants
963,2802,2802,2802,,no_descendants
964,2493,1615,2301,,
965,1792,1093,1627,,
966,1785,1785,1785,no_ancestors,no_descendants
967,3550,2363,3550,,no_descendants
968,1807,1182,1807,,no_descendants
969,2053,1477,2053,,no_descendants
970,1836,1141,1836,,no_descendants
971,2885,2885,1962,no_ancestors,
972,1865,1437,1865,,no_descendants
973,3354,2879,3083,,
974,2346,1336,2243,,
975,2776,2726,2776,,no_descendants
976,2005,1999,2005,,no_descendants
977,1874,734,1874,,no_descendants
978,2037,1194,2037,,no_descendants
979,1859,917,1859,,no_descendants
980,4652,2370,4029,,
981,1932,1495,1932,,no_descendants
982,8014,7820,5969,,
983,2565,2043,2511,,
984,1897,1457,1897,,no_descendants
985,6401,4958,3962,,
986,1891,1534,1891,,no_descendants
987,3774,1892,3774,,no_descendants
988,2125,1621,1761,,
989,2376,1760,2376,,no_descendants
990,1796,1515,1796,,no_descendants
991,1877,1810,1134,,
992,1895,1876,1895,,no_descendants
993,3039,1388,1599,,
994,3567,3342,1779,,
995,2493,2415,2493,,no_descendants
996,1914,1822,1699,,
997,1865,1476,1865,,no_descendants
998,3592,704,2898,,
999,2107,1422,1814,,
1000,2191,1240,2191,,no_descendants
1001,2412,1968,1680,,
1002,2487,2487,2487,,no_descendants
1003,3689,3560,3205,,
1004,2264,2073,2264,,no_descendants
1005,3799,2362,2598,,
1006,2409,1205,2409,,no_descendants
1007,2227,1786,2043,,
1008,2379,793,2379,,no_descendants
1009,2612,1040,2612,,no_descendants
1010,4615,1686,4615,,no_descendants
1011,3782,3782,2801,no_ancestors,
1012,3769,1643,3769,,no_descendants
1013,1957,284,1957,,no_descendants
1014,2055,2055,2055,no_ancestors,no_descendants
1015,1809,1580,1809,,no_descendants
1016,2880,2539,2511,,
1017,6095,6024,3402,,
1018,2495,2293,2398,,
1019,1986,760,1986,,no_descendants
1020,1976,1433,1976,,no_descendants
1021,2505,1227,2085,,
1022,15944,15925,4689,,
1023,5395,648,5395,,no_descendants
1024,4950,2732,2967,,
1025,1838,721,1838,,no_descendants
1026,3954,2618,3948,,
1027,2601,2413,2601,,no_descendants
1028,2320,1303,2320,,no_descendants
1029,2176,2139,2176,,no_descendants
1030,1838,1826,1715,,
1031,2490,2163,2490,,no_descendants
1032,1862,1083,1862,,no_descendants
1033,3789,2873,3494,,
1034,3503,1539,3503,,no_descendants
1035,1837,1767,1837,,no_descendants
1036,2161,1808,2161,,no_descendants
1037,2482,1526,2482,,no_descendants
1038,13922,13771,9421,,
1039,2074,1851,2074,,no_descendants
1040,2042,1289,2042,,no_descendants
1041,25066,23842,18647,,
1042,2234,1656,2234,,no_descendants
1043,3935,3534,3498,,
1044,2514,2277,1582,,
1045,2004,992,2004,,no_descendants
1046,2379,1819,2156,,
1047,3020,946,1946,,
1048,1910,840,1910,,no_descendants
1049,3707,1849,3707,,no_descendants
1050,2301,1677,1574,,
1051,2510,1145,2510,,no_descendants
1052,2132,1276,2132,,no_descendants
1053,2513,2466,2256,,
1054,1864,1039,1864,,no_descendants
1055,3057,2668,2061,,
1056,3617,2988,3114,,
1057,2299,1713,2299,,no_descendants
1058,2051,1647,1358,,
1059,2296,2294,2296,,no_descendants
1060,2471,2445,2035,,
1061,1956,1807,1405,,
1062,2251,1439,2251,,no_descendants
1063,9377,8930,5664,,
1064,3468,3443,2482,,
1065,1852,1823,1852,,no_descendants
1066,2121,1598,2121,,no_descendants
1067,2860,981,2860,,no_descendants
1068,4727,3946,1701,,
1069,1876,1876,1876,,no_descendants
1070,4018,1964,4018,,no_descendants
1071,2362,2360,2362,,no_descendants
1072,2039,1034,2039,,no_descendants
1073,2892,2892,2335,,
1074,2853,2850,2853,,no_descendants
1075,3120,1145,3120,,no_descendants
1076,3919,3918,1204,,
1077,20026,19802,12685,,
1078,1884,957,1884,,no_descendants
1079,2068,2068,2068,,no_descendants
1080,5273,4079,3991,,
1081,2235,1429,2235,,no_descendants
1082,2269,1821,2269,,no_descendants
1083,2529,2511,2135,,
1084,2918,1919,2918,,no_descendants
1085,1888,1685,1888,,no_descendants
1086,4922,2827,4825,,
1087,1942,1919,1942,,no_descendants
1088,2910,2398,2604,,
1089,1846,825,1846,,no_descendants
1090,1924,1831,1924,,no_descendants
1091,3830,2594,3236,,
1092,1832,1629,1832,,no_descendants
1093,2762,1836,2762,,no_descendants
1094,3676,3597,3153,,
1095,1941,1542,1941,,no_descendants
1096,2630,1195,2630,,no_descendants
1097,1994,481,1994,,no_descendants
1098,2093,1328,2093,,no_descendants
1099,3275,2164,2101,,
1100,2607,2403,2398,,
1101,3306,3164,3306,,no_descendants
1102,1961,902,1961,,no_descendants
1103,2949,1778,1593,,
1104,4996,4996,3838,no_ancestors,
1105,1636,1223,1636,,no_descendants
1106,2648,2098,2648,,no_descendants
1107,2469,1664,2068,,
1108,3492,3254,3492,,no_descendants
1109,1992,1931,1968,,
1110,2058,1941,1580,,
1111,16220,14085,6793,,
1112,1916,1425,1644,,
1113,3138,2382,3138,,no_descendants
1114,4139,1011,4139,,no_descendants
1115,4340,3484,4220,,
1116,2512,1972,2512,,no_descendants
1117,6215,5292,4628,,
1118,1853,1106,1853,,no_descendants
1119,1929,1610,1929,,no_descendants
1120,2076,1699,2015,,
1121,2008,1954,2008,,no_descendants
1122,2668,1663,2668,,no_descendants
1123,19782,19017,10046,,
1124,9298,8494,2694,,
1125,2045,1289,1915,,
1126,2295,1353,2295,,no_descendants
1127,1956,1226,1956,,no_descendants
1128,1827,1827,1827,no_ancestors,no_descendants
1129,22819,20932,21969,,
1130,3625,3620,1148,,
1131,2025,1916,1853,,
1132,1936,922,1936,,no_descendants
1133,2115,1284,2115,,no_descendants
1134,1999,1445,1999,,no_descendants
1135,2104,2104,2104,,no_descendants
1136,5140,4734,3360,,
1137,2128,1117,2128,,no_descendants
1138,2144,1921,1474,,
1139,4093,1564,3765,,
1140,2963,2435,2239,,
1141,4032,1159,4032,,no_descendants
1142,1870,1870,985,no_ancestors,
1143,1869,1869,1686,no_ancestors,
1144,2064,2064,2064,,no_descendants
1145,1949,1661,1949,,no_descendants
1146,1768,1768,1768,,no_descendants
1147,12243,8559,6460,,
1148,5210,3289,5210,,no_descendants
1149,2836,2814,2833,,
1150,2408,1233,2185,,
1151,1812,1328,1812,,no_descendants
1152,1804,1423,1804,,no_descendants
1153,13881,12508,4805,,
1154,1822,1438,1427,,
1155,3158,1969,3158,,no_descendants
1156,1931,861,1931,,no_descendants
1157,1805,1258,1805,,no_descendants
1158,2450,1782,2450,,no_descendants
1159,2834,2825,2834,,no_descendants
1160,2241,774,2241,,no_descendants
1161,1952,1952,1952,,no_descendants
1162,4709,3057,4709,,no_descendants
1163,16047,13839,12167,,
1164,27706,25322,16946,,
1165,2577,1249,2577,,no_descendants
1166,2333,1274,2333,,no_descendants
1167,2273,1167,2259,,
1168,1846,999,1846,,no_descendants
1169,3756,1215,3756,,no_descendants
1170,1816,666,1816,,no_descendants
1171,3336,3317,1166,,
1172,1825,1001,1582,,
1173,2176,1658,2176,,no_descendants
1174,4132,2944,2066,,
1175,1843,1738,1843,,no_descendants
1176,2602,2224,1854,,
1177,3529,3058,3529,,no_descendants
1178,3720,3100,2266,,
1179,1951,1928,1951,,no_descendants
1180,2500,1600,2500,,no_descendants
1181,2069,1953,2069,,no_descendants
1182,3021,1438,2155,,
1183,2397,775,2293,,
1184,2797,1010,2797,,no_descendants
1185,1874,1686,1874,,no_descendants
1186,3191,2748,2436,,
1187,1805,1237,1805,,no_descendants
1188,2706,2706,2706,no_ancestors,no_descendants
1189,1887,1887,1887,,no_descendants
1190,4967,4821,4967,,no_descendants
1191,1943,1694,1764,,
1192,2523,2093,2156,,
1193,2361,892,2361,,no_descendants
1194,29402,27475,21120,,
1195,2180,1183,2180,,no_descendants
1196,2031,2031,2031,no_ancestors,no_descendants
1197,2685,2603,2685,,no_descendants
1198,1917,1538,1751,,
1199,5028,2915,3245,,
1200,2150,583,2150,,no_descendants
1201,2476,1213,2476,,no_descendants
1202,1994,1788,1821,,
1203,4891,1971,4891,,no_descendants
1204,1959,1172,1959,,no_descendants
1205,2170,697,2170,,no_descendants
1206,2160,801,2160,,no_descendants
1207,2169,1412,1762,,
1208,33393,30389,16606,,
1209,1823,1403,1823,,no_descendants
1210,3054,3054,2509,no_ancestors,
1211,9736,9265,7131,,
1212,2339,2190,2339,,no_descendants
1213,3248,1241,3248,,no_descendants
1214,1973,1768,1973,,no_descendants
1215,2954,2904,2954,,no_descendants
1216,1887,673,1887,,no_descendants
1217,2385,1627,2385,,no_descendants
1218,2317,1105,2317,,no_descendants
1219,3130,2709,3130,,no_descendants
1220,12661,12510,8198,,
1221,1914,1852,1914,,no_descendants
1222,2086,1654,2086,,no_descendants
1223,2597,1018,2597,,no_descendants
1224,1991,1863,1991,,no_descendants
1225,2407,521,2407,,no_descendants
1226,3575,2548,3575,,no_descendants
1227,1993,1993,1858,no_ancestors,
1228,4423,1477,3452,,
1229,1754,1754,1754,,no_descendants
1230,3567,1542,1695,,
1231,6717,5127,4336,,
1232,4994,4150,3873,,
1233,4498,2745,3950,,
1234,3447,1004,3447,,no_descendants
1235,1803,1803,1597,no_ancestors,
1236,2103,2070,2039,,
1237,2018,1351,2018,,no_descendants
1238,1891,1891,1891,,no_descendants
1239,2053,981,2053,,no_descendants
1240,1805,1194,1805,,no_descendants
1241,1817,889,1817,,no_descendants
1242,3325,3074,2225,,
1243,2107,1242,2107,,no_descendants
1244,3986,3876,3560,,
1245,1836,1173,1836,,no_descendants
1246,7530,6378,5609,,
1247,1770,1240,1770,,no_descendants
1248,3166,2949,3166,,no_descendants
1249,5923,5832,5086,,
1250,3633,1497,3477,,
1251,1985,1523,1985,,no_descendants
1252,1954,1726,1954,,no_descendants
1253,2062,2053,1594,,
1254,2046,1735,1765,,
1255,2247,2051,2247,,no_descendants
1256,2438,2035,2438,,no_descendants
1257,2008,1923,2008,,no_descendants
1258,2027,1045,1899,,
1259,2299,1378,2170,,
1260,2042,1473,2042,,no_descendants
1261,1960,1795,1960,,no_descendants
1262,1952,1877,945,,
1263,9031,5038,6160,,
1264,1986,999,1986,,no_descendants
1265,1862,1638,1862,,no_descendants
1266,1860,1850,1860,,no_descendants
1267,2485,1131,2485,,no_descendants
1268,1986,1174,1719,,
1269,3231,1522,3231,,no_descendants
1270,6621,5870,4375,,
1271,2173,1941,2066,,
1272,1901,1458,1901,,no_descendants
1273,1869,1058,1725,,
1274,2067,1690,2067,,no_descendants
1275,2218,1003,1669,,
1276,2863,2342,2854,,
1277,2824,1504,2824,,no_descendants
1278,6046,3444,4543,,
1279,2124,1648,1533,,
1280,2168,1138,947,,
1281,1897,1781,1897,,no_descendants
1282,6563,6532,3328,,
1283,1740,1739,1740,,no_descendants
1284,2048,2038,2048,,no_descendants
1285,3176,1226,1710,,
1286,2941,2085,2917,,
1287,2611,1248,2611,,no_descendants
1288,2852,2288,2852,,no_descendants
1289,1980,1906,1980,,no_descendants
1290,3807,3399,2192,,
1291,2760,2730,2614,,
1292,2057,1554,1944,,
1293,3479,3008,3479,,no_descendants
1294,1788,1622,1788,,no_descendants
1295,3199,1635,3199,,no_descendants
1296,2418,2418,2418,,no_descendants
1297,4224,3041,2917,,
1298,6833,5969,4333,,
1299,2069,1326,2069,,no_descendants
1300,2493,742,2493,,no_descendants
1301,2312,1435,2312,,no_descendants
1302,1883,1816,1883,,no_descendants
1303,1882,1572,1882,,no_descendants
1304,1830,367,1830,,no_descendants
1305,3071,3034,3013,,
1306,4399,2394,3587,,
1307,3230,1340,3230,,no_descendants
1308,3238,3237,3238,,no_descendants
1309,1796,623,1796,,no_descendants
1310,1910,1165,1910,,no_descendants
1311,1876,1469,1876,,no_descendants
1312,2321,1682,2321,,no_descendants
1313,2742,2608,2742,,no_descendants
1314,6806,4798,6072,,
1315,2462,1801,2462,,no_descendants
1316,6145,5710,4097,,
1317,3002,2374,2494,,
1318,2695,2366,1947,,
1319,1983,1776,1983,,no_descendants
1320,1801,1323,1801,,no_descendants
1321,2128,1806,1074,,
1322,16782,15734,7693,,
1323,1907,1214,1907,,no_descendants
1324,1828,1825,1658,,
1325,1868,1868,1868,,no_descendants
1326,2299,1962,2299,,no_descendants
1327,1866,1117,1866,,no_descendants
1328,2527,1743,2527,,no_descendants
1329,2230,1466,1689,,
1330,4627,2775,2679,,
1331,10128,9609,3463,,
1332,2014,704,2014,,no_descendants
1333,7594,7594,4452,no_ancestors,
1334,2822,1144,2822,,no_descendants
1335,2485,1229,1265,,
1336,3738,2966,3738,,no_descendants
1337,2034,2033,2020,,
1338,2629,2518,2241,,
1339,2671,2625,2671,,no_descendants
1340,2471,1524,2471,,no_descendants
1341,3300,1594,3300,,no_descendants
1342,1835,1786,1630,,
1343,2076,2076,2076,,no_descendants
1344,1987,1951,1949,,
1345,1883,1883,1883,no_ancestors,no_descendants
1346,2905,1882,2905,,no_descendants
1347,2209,2209,1796,,
1348,2080,1351,2080,,no_descendants
1349,1862,1099,1862,,no_descendants
1350,2897,2577,2897,,no_descendants
1351,2484,746,2484,,no_descendants
1352,4604,4176,3430,,
1353,1912,272,1912,,no_descendants
1354,2178,1898,2178,,no_descendants
1355,1998,1033,1998,,no_descendants
1356,1838,1838,1838,,no_descendants
1357,2052,2007,2052,,no_descendants
1358,4474,3515,4474,,no_descendants
1359,2515,2178,2476,,
1360,2222,2187,1908,,
1361,5552,5427,4410,,
1362,3045,2781,1578,,
1363,1925,992,1925,,no_descendants
1364,3773,3165,3453,,
1365,1905,840,1905,,no_descendants
1366,1889,1887,1889,,no_descendants
1367,2209,1672,2209,,no_descendants
1368,1851,1023,1851,,no_descendants
1369,2155,1048,2155,,no_descendants
1370,4720,4466,4643,,
1371,2958,2943,1844,,
1372,2041,1878,2041,,no_descendants
1373,3044,2694,3044,,no_descendants
1374,2607,1527,2607,,no_descendants
1375,4279,4269,3450,,
1376,2241,529,2241,,no_descendants
1377,2397,2025,2397,,no_descendants
1378,2600,1624,2600,,no_descendants
1379,2914,2706,2472,,
1380,3985,1358,3213,,
1381,1862,444,1862,,no_descendants
1382,1932,1712,1932,,no_descendants
1383,2250,1822,2061,,
1384,2983,2855,326,,
1385,3288,2091,3288,,no_descendants
1386,13684,10281,9915,,
1387,5650,5649,5202,,
1388,1875,863,1762,,
1389,5237,3002,2985,,
1390,1790,1259,1790,,no_descendants
1391,2261,1374,2261,,no_descendants
1392,9819,6774,8174,,
1393,4854,2858,3993,,
1394,1873,547,1873,,no_descendants
1395,1886,1652,1886,,no_descendants
1396,2038,1157,1321,,
1397,1841,848,1841,,no_descendants
1398,4069,2182,2810,,
1399,3494,3102,3494,,no_descendants
1400,2582,1867,1353,,
1401,1875,1500,1875,,no_descendants
1402,3660,1136,3660,,no_descendants
1403,2494,2167,2494,,no_descendants
1404,1877,1571,1877,,no_descendants
1405,1904,307,1904,,no_descendants
1406,2224,1223,2224,,no_descendants
1407,1844,1270,1844,,no_descendants
1408,1878,1650,1878,,no_descendants
1409,2163,1689,2163,,no_descendants
1410,2087,1453,2087,,no_descendants
1411,2313,2297,2214,,
1412,6484,4687,4450,,
1413,1928,926,1928,,no_descendants
1414,1840,1247,1840,,no_descendants
1415,2373,1522,2373,,no_descendants
1416,1820,1820,1820,no_ancestors,no_descendants
1417,1799,1641,1799,,no_descendants
1418,5118,2005,4575,,
1419,2625,2625,2625,,no_descendants
1420,3904,2758,2309,,
1421,2492,1922,2492,,no_descendants
1422,2997,1896,2177,,
1423,12622,6630,10638,,
1424,2254,727,2254,,no_descendants
1425,4626,1818,4260,,
1426,2564,1373,2564,,no_descendants
1427,2848,2170,1301,,
1428,5052,2276,5052,,no_descendants
1429,2780,1462,2391,,
1430,2524,2286,2524,,no_descendants
1431,3401,2438,1341,,
1432,1810,1775,1810,,no_descendants
1433,3214,3214,3190,no_ancestors,
1434,1888,1689,1888,,no_descendants
1435,16604,16495,10682,,
1436,2118,1837,2118,,no_descendants
1437,2186,934,2186,,no_descendants
1438,2059,1919,2059,,no_descendants
1439,8581,8463,2505,,
1440,3152,3102,3152,,no_descendants
1441,2607,2607,1668,no_ancestors,
1442,2040,2018,2040,,no_descendants
1443,49428,47547,34791,,
1444,3027,1955,2545,,
1445,2875,2149,2561,,
1446,12513,12496,7499,,
1447,2287,1667,1863,,
1448,6915,3952,6708,,
1449,4031,2163,4031,,no_descendants
1450,1789,1121,1762,,
1451,2426,1133,2426,,no_descendants
1452,2728,1726,2728,,no_descendants
1453,2646,2597,2033,,
1454,11484,8047,11384,,
1455,2279,328,2279,,no_descendants
1456,7923,6753,6493,,
1457,1833,1776,1534,,
1458,1960,1566,1960,,no_descendants
1459,2381,2381,2220,,
1460,2138,1801,2098,,
1461,2407,1310,2407,,no_descendants
1462,3711,1861,3194,,
1463,1900,1276,1900,,no_descendants
1464,2505,1804,2435,,
1465,3324,1521,3075,,
1466,3097,2419,2450,,
1467,2040,1716,2040,,no_descendants
1468,1847,1847,1847,,no_descendants
1469,1827,988,1827,,no_descendants
1470,2050,2038,1810,,
1471,1769,1759,1769,,no_descendants
1472,3053,2972,1483,,
1473,2307,1952,2307,,no_descendants
1474,11748,9943,7561,,
1475,2719,1263,2719,,no_descendants
1476,7372,4347,4224,,
1477,5741,5532,4299,,
1478,1982,1716,1982,,no_descendants
1479,4491,4180,4491,,no_descendants
1480,4834,2528,4834,,no_descendants
1481,4644,3253,4288,,
1482,2969,655,2330,,
1483,2069,1714,2069,,no_descendants
1484,1874,838,1847,,
1485,6318,5139,6156,,
1486,2631,2272,2631,,no_descendants
1487,3602,1856,3602,,no_descendants
1488,1851,1035,1851,,no_descendants
1489,2132,2132,2132,,no_descendants
1490,1793,1791,1793,,no_descendants
1491,1982,1982,1982,,no_descendants
1492,4839,4837,4029,,
1493,1872,551,1872,,no_descendants
1494,1867,1251,1867,,no_descendants
1495,1970,1726,1891,,
1496,2009,2009,2009,no_ancestors,no_descendants
1497,1746,1195,1746,,no_descendants
1498,1759,1208,1759,,no_descendants
1499,5944,2274,5944,,no_descendants
1500,1882,1861,986,,
1501,6092,6092,4060,no_ancestors,
1502,4837,3366,3007,,
1503,2720,2720,2389,no_ancestors,
1504,1959,1773,1959,,no_descendants
1505,2162,1771,2162,,no_descendants
1506,4467,4463,4467,,no_descendants
1507,2321,2218,2321,,no_descendants
1508,3074,1686,3074,,no_descendants
1509,4129,3586,2814,,
1510,2032,1112,2032,,no_descendants
1511,2938,2147,2938,,no_descendants
1512,1840,859,1840,,no_descendants
1513,2579,2578,2579,,no_descendants
1514,2328,2269,2328,,no_descendants
1515,4130,3395,3166,,
1516,2226,1754,2226,,no_descendants
1517,4791,4179,4791,,no_descendants
1518,19817,19817,12092,no_ancestors,
1519,2438,2333,2438,,no_descendants
1520,1958,1600,1958,,no_descendants
1521,1824,1819,1824,,no_descendants
1522,1875,1588,1875,,no_descendants
1523,1948,1038,1948,,no_descendants
1524,2839,2414,2598,,
1525,2292,1291,1695,,
1526,2436,1614,2378,,
1527,2040,1573,2040,,no_descendants
1528,2634,1969,2634,,no_descendants
1529,10193,8192,3303,,
1530,2112,1343,2112,,no_descendants
1531,2864,2132,2864,,no_descendants
1532,2248,2024,2248,,no_descendants
1533,1776,1178,1776,,no_descendants
1534,1905,1904,1905,,no_descendants
1535,1875,1555,1788,,
1536,2331,1389,2331,,no_descendants
1537,2626,2366,2462,,
1538,2616,2103,2127,,
1539,1783,1373,1783,,no_descendants
1540,1849,1277,1849,,no_descendants
1541,6116,2880,4436,,
1542,2076,1414,1911,,
1543,1964,1956,1964,,no_descendants
1544,5948,5168,4426,,
1545,3046,1142,2953,,
1546,1911,1911,1715,no_ancestors,
1547,1920,1352,1920,,no_descendants
1548,1956,1867,1493,,
1549,4411,4275,3916,,
1550,2571,1279,790,,
1551,2229,2229,2229,,no_descendants
1552,1842,1221,1842,,no_descendants
1553,2846,1149,2846,,no_descendants
1554,2376,1370,2376,,no_descendants
1555,2159,1657,2159,,no_descendants
1556,2059,1938,2059,,no_descendants
1557,3593,3214,2791,,
1558,1934,1934,1934,,no_descendants
1559,2012,1817,2012,,no_descendants
1560,1902,1772,481,,
1561,2332,2251,1488,,
1562,14416,13791,4669,,
1563,1922,985,1832,,
1564,12901,12477,6580,,
1565,2015,2015,2015,no_ancestors,no_descendants
1566,2159,714,1602,,
1567,8378,7117,6052,,
1568,1767,1596,1767,,no_descendants
1569,2599,1997,2047,,
1570,2453,1061,2453,,no_descendants
1571,2084,1978,1885,,
1572,2604,2176,2604,,no_descendants
1573,2924,2563,2924,,no_descendants
1574,1798,819,1798,,no_descendants
1575,1875,1717,1875,,no_descendants
1576,1901,1890,1901,,no_descendants
1577,2064,2064,2064,no_ancestors,no_descendants
1578,2049,2028,1662,,
1579,18790,16643,9863,,
1580,2928,2146,2921,,
1581,1876,1876,1352,no_ancestors,
1582,1915,1716,1915,,no_descendants
1583,2308,2127,2308,,no_descendants
1584,2044,1764,2044,,no_descendants
1585,1873,1654,1873,,no_descendants
1586,8561,6657,3260,,
1587,7855,6573,5283,,
1588,2042,1541,2015,,
1589,2013,758,2013,,no_descendants
1590,3453,2147,2860,,
1591,2267,698,2267,,no_descendants
1592,3644,3644,3644,no_ancestors,no_descendants
1593,1983,1982,1983,,no_descendants
1594,2062,1634,2062,,no_descendants
1595,2168,1756,2168,,no_descendants
1596,1920,1920,1920,,no_descendants
1597,1923,1883,1923,,no_descendants
1598,3580,2465,2802,,
1599,1988,1069,1988,,no_descendants
1600,3252,1277,3252,,no_descendants
1601,4522,830,4522,,no_descendants
1602,3763,3605,3579,,
1603,1915,1401,1915,,no_descendants
1604,3792,3540,2948,,
1605,1937,1724,1937,,no_descendants
1606,2073,1984,2073,,no_descendants
1607,1782,1243,1778,,
1608,8998,8922,8760,,
1609,12408,12319,12081,,
1610,1855,927,1771,,
1611,2604,1712,2535,,
1612,2489,1836,2489,,no_descendants
1613,2375,2351,2375,,no_descendants
1614,1879,1442,1584,,
1615,2225,2218,2225,,no_descendants
1616,2080,1129,1943,,
1617,1863,1861,1257,,
1618,9372,8760,5582,,
1619,3532,2702,3532,,no_descendants
1620,2953,1253,2953,,no_descendants
1621,15449,14552,8155,,
1622,1981,1258,1981,,no_descendants
1623,12219,9919,6223,,
1624,1857,1510,1722,,
1625,1824,868,1824,,no_descendants
1626,2228,1556,2228,,no_descendants
1627,5416,3511,5416,,no_descendants
1628,4165,4164,1849,,
1629,1942,1115,1201,,
1630,1929,1324,1929,,no_descendants
1631,2624,1433,2624,,no_descendants
1632,7996,3782,6546,,
1633,3079,1908,3079,,no_descendants
1634,1828,1828,1828,no_ancestors,no_descendants
1635,17806,17091,3924,,
1636,2249,1468,2249,,no_descendants
1637,4022,2852,3314,,
1638,2163,2136,2124,,
1639,2463,2170,1818,,
1640,2968,2247,2968,,no_descendants
1641,1773,696,1773,,no_descendants
1642,3948,3028,2997,,
1643,3000,2946,1994,,
1644,2294,1372,2294,,no_descendants
1645,2742,912,2742,,no_descendants
1646,4074,3958,3504,,
1647,2730,2320,1856,,
1648,1845,900,1845,,no_descendants
1649,1847,1794,1847,,no_descendants
1650,2293,1816,2266,,
1651,1789,1459,1789,,no_descendants
1652,1907,761,1907,,no_descendants
1653,1992,1959,1992,,no_descendants
1654,3541,2911,3541,,no_descendants
1655,12968,9209,8272,,
1656,1827,1510,1827,,no_descendants
1657,2164,1504,2164,,no_descendants
1658,2181,2181,2049,no_ancestors,
1659,2478,2478,2478,,no_descendants
1660,2042,1413,2042,,no_descendants
1661,2427,1449,2427,,no_descendants
1662,2643,1095,2643,,no_descendants
1663,1851,1777,1851,,no_descendants
1664,1994,1042,1612,,
1665,2167,1449,2167,,no_descendants
1666,1808,1548,1808,,no_descendants
1667,2024,1081,2024,,no_descendants
1668,2038,2038,2038,no_ancestors,no_descendants
1669,2769,2159,2769,,no_descendants
1670,2312,2312,2312,,no_descendants
1671,2867,2134,2867,,no_descendants
1672,5520,4569,2139,,
1673,2388,2319,2388,,no_descendants
1674,2575,2472,1943,,
1675,1900,701,1900,,no_descendants
1676,2844,2645,2541,,
1677,1881,1668,1881,,no_descendants
1678,2620,2211,2620,,no_descendants
1679,1785,1181,1785,,no_descendants
1680,2300,1003,2300,,no_descendants
1681,1901,1461,1901,,no_descendants
1682,3498,2030,3498,,no_descendants
1683,2421,2172,2411,,
1684,2278,2179,2278,,no_descendants
1685,1801,1593,1801,,no_descendants
1686,2792,1020,2792,,no_descendants
1687,1998,1963,1961,,
1688,1800,1458,1800,,no_descendants
1689,2089,2088,2089,,no_descendants
1690,2098,685,1875,,
1691,4602,4562,3768,,
1692,4089,2299,3937,,
1693,2238,2206,2238,,no_descendants
1694,4956,4956,4753,,
1695,3631,3371,3631,,no_descendants
1696,3487,1804,2338,,
1697,3922,3922,1858,no_ancestors,
1698,2332,1939,2246,,
1699,1914,1120,1914,,no_descendants
1700,3821,3651,2375,,
1701,1967,1304,1956,,
1702,2199,1453,1633,,
1703,2730,2656,2730,,no_descendants
1704,13579,13420,5954,,
1705,19049,19042,10059,,
1706,3829,3484,1382,,
1707,2776,925,2567,,
1708,2186,2107,1504,,
1709,19165,18712,9641,,
1710,2810,2810,1488,,
1711,2155,1880,2155,,no_descendants
1712,2784,2757,2007,,
1713,1801,472,1712,,
1714,2657,2254,2406,,
1715,2540,1805,2540,,no_descendants
1716,2151,993,2151,,no_descendants
1717,3351,2826,3351,,no_descendants
1718,2180,1611,2180,,no_descendants
1719,2185,1614,2185,,no_descendants
1720,3160,2193,3160,,no_descendants
1721,1908,979,1908,,no_descendants
1722,3118,2843,2393,,
1723,2267,1914,2226,,
1724,2625,1559,1990,,
1725,1895,1209,1621,,
1726,6321,6110,6321,,no_descendants
1727,7082,6313,3186,,
1728,1773,1057,1773,,no_descendants
1729,2134,2059,2129,,
1730,1804,350,1804,,no_descendants
1731,1858,754,1858,,no_descendants
1732,2597,1775,2597,,no_descendants
1733,1834,999,1834,,no_descendants
1734,11000,10351,6804,,
1735,2369,2369,856,no_ancestors,
1736,1897,1897,1897,,no_descendants
1737,1880,569,1880,,no_descendants
1738,1918,1554,1918,,no_descendants
1739,1840,1840,1840,,no_descendants
1740,2311,772,2311,,no_descendants
1741,3353,3240,1722,,
1742,12755,9586,8013,,
1743,3013,2952,3013,,no_descendants
1744,2258,2258,2258,,no_descendants
1745,1946,1291,1946,,no_descendants
1746,3137,3027,2125,,
1747,2137,1097,1405,,
1748,2138,914,2138,,no_descendants
1749,10757,10189,8974,,
1750,2374,2326,2374,,no_descendants
1751,5064,4791,2676,,
1752,1775,1277,1775,,no_descendants
1753,1895,1627,1895,,no_descendants
1754,2093,908,2093,,no_descendants
1755,5425,3721,5425,,no_descendants
1756,2312,1701,2312,,no_descendants
1757,4385,1922,4385,,no_descendants
1758,2196,1072,2140,,
1759,2579,780,2579,,no_descendants
1760,1840,1784,1840,,no_descendants
1761,11239,9884,6792,,
1762,2687,609,2687,,no_descendants
1763,1849,790,1849,,no_descendants
1764,2863,2860,2733,,
1765,5510,3054,4322,,
1766,5955,5485,5480,,
1767,1895,1209,1895,,no_descendants
1768,2360,1953,2360,,no_descendants
1769,7174,5343,4856,,
1770,3062,2132,1364,,
1771,1991,1035,1991,,no_descendants
1772,1816,1606,1816,,no_descendants
1773,2040,1263,1897,,
1774,1796,1378,1577,,
1775,2137,1676,1915,,
1776,2000,1910,2000,,no_descendants
1777,2892,2215,2566,,
1778,10205,3878,8400,,
1779,2069,1399,2069,,no_descendants
1780,2515,1006,2515,,no_descendants
1781,8589,7172,3566,,
1782,3750,3750,2428,,
1783,66259,65972,35934,,
1784,4008,2423,2793,,
1785,1777,1284,1777,,no_descendants
1786,2435,1825,2435,,no_descendants
1787,2031,2031,2031,,no_descendants
1788,2395,1297,2395,,no_descendants
1789,2085,770,1589,,
1790,2732,2486,2275,,
1791,1991,1558,1991,,no_descendants
1792,2148,1904,657,,
1793,1983,986,1983,,no_descendants
1794,2154,1974,2073,,
1795,2288,1919,1818,,
1796,2545,1864,2327,,
1797,2251,1672,2251,,no_descendants
1798,1862,1653,1862,,no_descendants
1799,4184,3486,2213,,
1800,2128,2128,2128,no_ancestors,no_descendants
1801,2732,2258,2218,,
1802,2723,2207,2723,,no_descendants
1803,1849,759,1849,,no_descendants
1804,2265,2209,2265,,no_descendants
1805,4370,3985,2080,,
1806,1784,1726,1784,,no_descendants
1807,1965,1062,1965,,no_descendants
1808,2309,1896,2298,,
1809,6753,5187,5580,,
1810,2391,1966,2391,,no_descendants
1811,2220,1611,1687,,
1812,2270,2079,2270,,no_descendants
1813,1915,1447,1915,,no_descendants
1814,2018,1450,2018,,no_descendants
1815,1758,1757,1562,,
1816,2334,1052,2334,,no_descendants
1817,2306,1911,2306,,no_descendants
1818,1869,1229,1869,,no_descendants
1819,2303,2245,2303,,no_descendants
1820,2136,2136,2136,no_ancestors,no_descendants
1821,2647,782,2647,,no_descendants
1822,1987,1987,1987,no_ancestors,no_descendants
1823,3147,2278,2578,,
1824,3305,2545,3305,,no_descendants
1825,4815,3083,4815,,no_descendants
1826,7258,5830,5669,,
1827,2206,2098,2206,,no_descendants
1828,5820,3373,4239,,
1829,2017,1776,909,,
1830,2869,2805,2869,,no_descendants
1831,2146,1878,1851,,
1832,1845,587,1845,,no_descendants
1833,1997,824,1997,,no_descendants
1834,1909,1636,1909,,no_descendants
1835,3028,2853,2316,,
1836,3449,2640,3449,,no_descendants
1837,3814,2470,3492,,
1838,2098,595,2098,,no_descendants
1839,1783,1672,1783,,no_descendants
1840,2351,2351,2351,no_ancestors,no_descendants
1841,1887,1200,1887,,no_descendants
1842,1926,1091,1926,,no_descendants
1843,4086,3587,3258,,
1844,1818,1455,1818,,no_descendants
1845,3188,2703,3188,,no_descendants
1846,2014,1025,2014,,no_descendants
1847,2296,749,2296,,no_descendants
1848,1917,748,1917,,no_descendants
1849,4261,2778,4261,,no_descendants
1850,1925,1253,1925,,no_descendants
1851,2366,1837,2366,,no_descendants
1852,2150,1923,2150,,no_descendants
1853,8878,5747,7464,,
1854,3568,1192,3568,,no_descendants
1855,3754,3138,2799,,
1856,6903,6747,5116,,
1857,4577,4437,3588,,
1858,1898,1267,1898,,no_descendants
1859,1874,1307,1874,,no_descendants
1860,1759,1601,1759,,no_descendants
1861,2204,1739,2204,,no_descendants
1862,5120,4569,3564,,
1863,2610,962,2610,,no_descendants
1864,2138,1460,2138,,no_descendants
1865,1864,953,1864,,no_descendants
1866,1969,1969,1969,,no_descendants
1867,2577,2496,2323,,
1868,1885,1116,1885,,no_descendants
1869,2123,1747,2123,,no_descendants
1870,2381,962,2346,,
1871,1834,1789,1834,,no_descendants
1872,7311,7264,5431,,
1873,1952,1951,1282,,
1874,3943,3048,1667,,
1875,2131,2131,2043,no_ancestors,
1876,4020,2399,3653,,
1877,3283,2101,3283,,no_descendants
1878,5008,1943,5008,,no_descendants
1879,3829,2324,3829,,no_descendants
1880,2735,770,2417,,
1881,5612,4813,5338,,
1882,1928,1394,1928,,no_descendants
1883,5390,3791,3447,,
1884,2213,1080,2213,,no_descendants
1885,1874,1873,1874,,no_descendants
1886,2069,1997,1957,,
1887,1922,1674,1922,,no_descendants
1888,2031,2011,2031,,no_descendants
1889,2526,1135,2526,,no_descendants
1890,2174,2006,2174,,no_descendants
1891,1778,1533,1778,,no_descendants
1892,2304,1989,2304,,no_descendants
1893,2011,2011,2011,no_ancestors,no_descendants
1894,2292,2292,2166,no_ancestors,
1895,3722,3610,2670,,
1896,4588,3155,4320,,
1897,8518,8072,4323,,
1898,2369,2010,2369,,no_descendants
1899,2377,2237,2377,,no_descendants
1900,13355,9103,10809,,
1901,1982,1982,1605,,
1902,1917,1482,1917,,no_descendants
1903,1781,1759,1781,,no_descendants
1904,2809,1459,2809,,no_descendants
1905,1797,1748,1797,,no_descendants
1906,2193,1951,2193,,no_descendants
1907,2593,1334,2593,,no_descendants
1908,2005,1060,2005,,no_descendants
1909,1757,1358,1757,,no_descendants
1910,2615,1364,2615,,no_descendants
1911,2733,2679,1708,,
1912,2581,1804,1740,,
1913,2119,1541,1748,,
1914,1890,1557,1890,,no_descendants
1915,2496,1596,2496,,no_descendants
1916,2380,1553,2020,,
1917,1847,1847,1847,no_ancestors,no_descendants
1918,1946,1841,1714,,
1919,2511,2337,2375,,
1920,2215,1172,2215,,no_descendants
1921,1919,1438,1919,,no_descendants
1922,2204,1516,1995,,
1923,2059,1415,2059,,no_descendants
1924,7950,7950,4792,no_ancestors,
1925,2234,1840,2234,,no_descendants
1926,20764,20750,13559,,
1927,1972,1165,1972,,no_descendants
1928,1918,1456,640,,
1929,8435,8229,8237,,
1930,6688,2239,6213,,
1931,2038,1817,2038,,no_descendants
1932,4743,4176,3340,,
1933,2367,1334,2367,,no_descendants
1934,11296,8455,10630,,
1935,1866,1034,1226,,
1936,1922,1922,1922,no_ancestors,no_descendants
1937,7146,5171,3060,,
1938,4218,3546,2418,,
1939,1889,1037,1889,,no_descendants
1940,2741,2575,1933,,
1941,1898,1599,1898,,no_descendants
1942,5719,4964,1909,,
1943,1857,1675,1857,,no_descendants
1944,4544,2019,3668,,
1945,2823,2353,2823,,no_descendants
1946,2531,2266,1690,,
1947,1965,1479,1965,,no_descendants
1948,2010,923,2010,,no_descendants
1949,2130,1104,2130,,no_descendants
1950,3451,2835,2225,,
1951,2214,887,1231,,
1952,2146,2115,2146,,no_descendants
1953,8557,8140,4381,,
1954,2043,761,2043,,no_descendants
1955,2121,1360,2121,,no_descendants
1956,10429,8371,7975,,
1957,1813,1556,1813,,no_descendants
1958,1954,1936,1954,,no_descendants
1959,2139,1781,708,,
1960,17645,17088,12629,,
1961,1914,1914,1914,no_ancestors,no_descendants
1962,1879,1490,1879,,no_descendants
1963,4446,3748,3499,,
1964,1850,1541,1700,,
1965,2377,998,2377,,no_descendants
1966,3063,1237,3063,,no_descendants
1967,2735,2482,2735,,no_descendants
1968,1985,1153,1985,,no_descendants
1969,3739,2283,3739,,no_descendants
1970,27486,19588,11319,,
1971,2593,1528,2593,,no_descendants
1972,3057,1260,3057,,no_descendants
1973,3008,2809,1989,,
1974,2512,2512,2507,no_ancestors,
1975,2508,2508,1466,no_ancestors,
1976,1933,743,1836,,
1977,4770,4639,2984,,
1978,2663,2663,681,no_ancestors,
1979,3124,3124,1541,no_ancestors,
1980,2713,1933,2713,,no_descendants
1981,1918,1882,1661,,
1982,2408,1559,2408,,no_descendants
1983,4361,3241,3039,,
1984,2706,2706,2706,no_ancestors,no_descendants
1985,1832,827,1832,,no_descendants
1986,4903,3883,4903,,no_descendants
1987,1857,1437,1857,,no_descendants
1988,9423,8953,7750,,
1989,3185,2851,3185,,no_descendants
1990,2064,1922,2064,,no_descendants
1991,1945,1310,1945,,no_descendants
1992,2074,2048,2074,,no_descendants
1993,2121,1163,2121,,no_descendants
1994,2087,1596,1914,,
1995,4467,2143,4467,,no_descendants
1996,1817,1493,1817,,no_descendants
1997,2707,2706,2707,,
1998,1854,1696,1854,,no_descendants
